part;dataset;method;cls;n_clusters;n_estimators;learning_rate;subsample;max_depth;colsample_bytree;nr_events;metric;score
1;production;cluster_laststate;xgb;2;100;0.02;0.5;3;0.6;1;mae;1068959.4490727633
1;production;cluster_laststate;xgb;2;100;0.02;0.5;3;0.9;1;mae;1049480.3272225368
1;production;cluster_laststate;xgb;2;100;0.02;0.5;5;0.6;1;mae;1070896.8732835504
1;production;cluster_laststate;xgb;2;100;0.02;0.5;5;0.9;1;mae;1037034.0420972537
1;production;cluster_laststate;xgb;2;100;0.02;0.5;7;0.6;1;mae;1057251.6899950453
1;production;cluster_laststate;xgb;2;100;0.02;0.5;7;0.9;1;mae;1033325.0578549688
1;production;cluster_laststate;xgb;2;100;0.02;0.8;3;0.6;1;mae;1065826.0367709512
1;production;cluster_laststate;xgb;2;100;0.02;0.8;3;0.9;1;mae;1048776.8565260475
1;production;cluster_laststate;xgb;2;100;0.02;0.8;5;0.6;1;mae;1092377.451390855
1;production;cluster_laststate;xgb;2;100;0.02;0.8;5;0.9;1;mae;1061868.1050396375
1;production;cluster_laststate;xgb;2;100;0.02;0.8;7;0.6;1;mae;1088587.8892890005
1;production;cluster_laststate;xgb;2;100;0.02;0.8;7;0.9;1;mae;1055480.3253424051
1;production;cluster_laststate;xgb;2;100;0.04;0.5;3;0.6;1;mae;1042272.7366400056
1;production;cluster_laststate;xgb;2;100;0.04;0.5;3;0.9;1;mae;1011981.0634113109
1;production;cluster_laststate;xgb;2;100;0.04;0.5;5;0.6;1;mae;1045088.8976323613
1;production;cluster_laststate;xgb;2;100;0.04;0.5;5;0.9;1;mae;1004278.0997973882
1;production;cluster_laststate;xgb;2;100;0.04;0.5;7;0.6;1;mae;1028922.6704096033
1;production;cluster_laststate;xgb;2;100;0.04;0.5;7;0.9;1;mae;1012237.2226208593
1;production;cluster_laststate;xgb;2;100;0.04;0.8;3;0.6;1;mae;1034325.6164575665
1;production;cluster_laststate;xgb;2;100;0.04;0.8;3;0.9;1;mae;1015267.7758883069
1;production;cluster_laststate;xgb;2;100;0.04;0.8;5;0.6;1;mae;1046443.5890104093
1;production;cluster_laststate;xgb;2;100;0.04;0.8;5;0.9;1;mae;1014637.2455761608
1;production;cluster_laststate;xgb;2;100;0.04;0.8;7;0.6;1;mae;1071336.792468856
1;production;cluster_laststate;xgb;2;100;0.04;0.8;7;0.9;1;mae;1034236.5384652817
1;production;cluster_laststate;xgb;2;100;0.06;0.5;3;0.6;1;mae;1036886.5604328229
1;production;cluster_laststate;xgb;2;100;0.06;0.5;3;0.9;1;mae;1000417.2749664894
1;production;cluster_laststate;xgb;2;100;0.06;0.5;5;0.6;1;mae;1053698.7426354138
1;production;cluster_laststate;xgb;2;100;0.06;0.5;5;0.9;1;mae;1003159.2619548724
1;production;cluster_laststate;xgb;2;100;0.06;0.5;7;0.6;1;mae;1023049.9911086363
1;production;cluster_laststate;xgb;2;100;0.06;0.5;7;0.9;1;mae;1019481.4620368241
1;production;cluster_laststate;xgb;2;100;0.06;0.8;3;0.6;1;mae;1037860.6611986171
1;production;cluster_laststate;xgb;2;100;0.06;0.8;3;0.9;1;mae;1009383.1880728871
1;production;cluster_laststate;xgb;2;100;0.06;0.8;5;0.6;1;mae;1055100.143617727
1;production;cluster_laststate;xgb;2;100;0.06;0.8;5;0.9;1;mae;1018660.3275645549
1;production;cluster_laststate;xgb;2;100;0.06;0.8;7;0.6;1;mae;1058211.0709362612
1;production;cluster_laststate;xgb;2;100;0.06;0.8;7;0.9;1;mae;1020212.624722404
1;production;cluster_laststate;xgb;2;500;0.02;0.5;3;0.6;1;mae;1043779.2488840866
1;production;cluster_laststate;xgb;2;500;0.02;0.5;3;0.9;1;mae;1018944.619057678
1;production;cluster_laststate;xgb;2;500;0.02;0.5;5;0.6;1;mae;1046804.3518279303
1;production;cluster_laststate;xgb;2;500;0.02;0.5;5;0.9;1;mae;998619.8173297264
1;production;cluster_laststate;xgb;2;500;0.02;0.5;7;0.6;1;mae;1041286.2237887528
1;production;cluster_laststate;xgb;2;500;0.02;0.5;7;0.9;1;mae;995634.6653573024
1;production;cluster_laststate;xgb;2;500;0.02;0.8;3;0.6;1;mae;1057109.6782209973
1;production;cluster_laststate;xgb;2;500;0.02;0.8;3;0.9;1;mae;1024712.509159559
1;production;cluster_laststate;xgb;2;500;0.02;0.8;5;0.6;1;mae;1050009.9222872464
1;production;cluster_laststate;xgb;2;500;0.02;0.8;5;0.9;1;mae;1031959.3845440183
1;production;cluster_laststate;xgb;2;500;0.02;0.8;7;0.6;1;mae;1047824.3176346949
1;production;cluster_laststate;xgb;2;500;0.02;0.8;7;0.9;1;mae;1037299.9962576394
1;production;cluster_laststate;xgb;2;500;0.04;0.5;3;0.6;1;mae;1078732.4484458915
1;production;cluster_laststate;xgb;2;500;0.04;0.5;3;0.9;1;mae;1057272.6655406153
1;production;cluster_laststate;xgb;2;500;0.04;0.5;5;0.6;1;mae;1073504.914921848
1;production;cluster_laststate;xgb;2;500;0.04;0.5;5;0.9;1;mae;1020580.059586349
1;production;cluster_laststate;xgb;2;500;0.04;0.5;7;0.6;1;mae;1043828.7255343721
1;production;cluster_laststate;xgb;2;500;0.04;0.5;7;0.9;1;mae;1025281.5628601281
1;production;cluster_laststate;xgb;2;500;0.04;0.8;3;0.6;1;mae;1086996.875968406
1;production;cluster_laststate;xgb;2;500;0.04;0.8;3;0.9;1;mae;1056079.0026402024
1;production;cluster_laststate;xgb;2;500;0.04;0.8;5;0.6;1;mae;1069497.719771492
1;production;cluster_laststate;xgb;2;500;0.04;0.8;5;0.9;1;mae;1032760.733523411
1;production;cluster_laststate;xgb;2;500;0.04;0.8;7;0.6;1;mae;1080597.183179015
1;production;cluster_laststate;xgb;2;500;0.04;0.8;7;0.9;1;mae;1040117.748429537
1;production;cluster_laststate;xgb;2;500;0.06;0.5;3;0.6;1;mae;1105935.353185496
1;production;cluster_laststate;xgb;2;500;0.06;0.5;3;0.9;1;mae;1054247.6469897986
1;production;cluster_laststate;xgb;2;500;0.06;0.5;5;0.6;1;mae;1078680.9265841767
1;production;cluster_laststate;xgb;2;500;0.06;0.5;5;0.9;1;mae;1030580.1868107106
1;production;cluster_laststate;xgb;2;500;0.06;0.5;7;0.6;1;mae;1038446.7716934014
1;production;cluster_laststate;xgb;2;500;0.06;0.5;7;0.9;1;mae;1032256.6690758157
1;production;cluster_laststate;xgb;2;500;0.06;0.8;3;0.6;1;mae;1097354.5625456208
1;production;cluster_laststate;xgb;2;500;0.06;0.8;3;0.9;1;mae;1073460.2086561122
1;production;cluster_laststate;xgb;2;500;0.06;0.8;5;0.6;1;mae;1081699.507759414
1;production;cluster_laststate;xgb;2;500;0.06;0.8;5;0.9;1;mae;1049096.7445603367
1;production;cluster_laststate;xgb;2;500;0.06;0.8;7;0.6;1;mae;1067669.6717057882
1;production;cluster_laststate;xgb;2;500;0.06;0.8;7;0.9;1;mae;1031423.0797435722
1;production;cluster_laststate;xgb;4;100;0.02;0.5;3;0.6;1;mae;1118407.7334017553
1;production;cluster_laststate;xgb;4;100;0.02;0.5;3;0.9;1;mae;1102230.7100438846
1;production;cluster_laststate;xgb;4;100;0.02;0.5;5;0.6;1;mae;1110812.1427838334
1;production;cluster_laststate;xgb;4;100;0.02;0.5;5;0.9;1;mae;1103616.901436863
1;production;cluster_laststate;xgb;4;100;0.02;0.5;7;0.6;1;mae;1101562.1006157985
1;production;cluster_laststate;xgb;4;100;0.02;0.5;7;0.9;1;mae;1095461.5652073896
1;production;cluster_laststate;xgb;4;100;0.02;0.8;3;0.6;1;mae;1130600.1653100227
1;production;cluster_laststate;xgb;4;100;0.02;0.8;3;0.9;1;mae;1119851.5763731597
1;production;cluster_laststate;xgb;4;100;0.02;0.8;5;0.6;1;mae;1149841.3890412655
1;production;cluster_laststate;xgb;4;100;0.02;0.8;5;0.9;1;mae;1137673.8930315685
1;production;cluster_laststate;xgb;4;100;0.02;0.8;7;0.6;1;mae;1138102.7415150765
1;production;cluster_laststate;xgb;4;100;0.02;0.8;7;0.9;1;mae;1115469.4085282772
1;production;cluster_laststate;xgb;4;100;0.04;0.5;3;0.6;1;mae;1141660.59375
1;production;cluster_laststate;xgb;4;100;0.04;0.5;3;0.9;1;mae;1134554.5220130237
1;production;cluster_laststate;xgb;4;100;0.04;0.5;5;0.6;1;mae;1143839.4321139758
1;production;cluster_laststate;xgb;4;100;0.04;0.5;5;0.9;1;mae;1129543.5899156374
1;production;cluster_laststate;xgb;4;100;0.04;0.5;7;0.6;1;mae;1112880.9752552556
1;production;cluster_laststate;xgb;4;100;0.04;0.5;7;0.9;1;mae;1126516.541126774
1;production;cluster_laststate;xgb;4;100;0.04;0.8;3;0.6;1;mae;1148296.1198241082
1;production;cluster_laststate;xgb;4;100;0.04;0.8;3;0.9;1;mae;1143393.8592776756
1;production;cluster_laststate;xgb;4;100;0.04;0.8;5;0.6;1;mae;1155812.1649295725
1;production;cluster_laststate;xgb;4;100;0.04;0.8;5;0.9;1;mae;1158237.601367851
1;production;cluster_laststate;xgb;4;100;0.04;0.8;7;0.6;1;mae;1152113.6369576373
1;production;cluster_laststate;xgb;4;100;0.04;0.8;7;0.9;1;mae;1147715.690640926
1;production;cluster_laststate;xgb;4;100;0.06;0.5;3;0.6;1;mae;1157707.5021831647
1;production;cluster_laststate;xgb;4;100;0.06;0.5;3;0.9;1;mae;1149991.8307693498
1;production;cluster_laststate;xgb;4;100;0.06;0.5;5;0.6;1;mae;1154878.4002844528
1;production;cluster_laststate;xgb;4;100;0.06;0.5;5;0.9;1;mae;1141319.5577677363
1;production;cluster_laststate;xgb;4;100;0.06;0.5;7;0.6;1;mae;1150370.0370770257
1;production;cluster_laststate;xgb;4;100;0.06;0.5;7;0.9;1;mae;1140589.8184887723
1;production;cluster_laststate;xgb;4;100;0.06;0.8;3;0.6;1;mae;1156556.4028895411
1;production;cluster_laststate;xgb;4;100;0.06;0.8;3;0.9;1;mae;1142137.6624079843
1;production;cluster_laststate;xgb;4;100;0.06;0.8;5;0.6;1;mae;1184823.5634865162
1;production;cluster_laststate;xgb;4;100;0.06;0.8;5;0.9;1;mae;1181009.9792002141
1;production;cluster_laststate;xgb;4;100;0.06;0.8;7;0.6;1;mae;1165238.7697767732
1;production;cluster_laststate;xgb;4;100;0.06;0.8;7;0.9;1;mae;1156644.4768771455
1;production;cluster_laststate;xgb;4;500;0.02;0.5;3;0.6;1;mae;1134432.1347269164
1;production;cluster_laststate;xgb;4;500;0.02;0.5;3;0.9;1;mae;1133243.029740365
1;production;cluster_laststate;xgb;4;500;0.02;0.5;5;0.6;1;mae;1125644.3651525339
1;production;cluster_laststate;xgb;4;500;0.02;0.5;5;0.9;1;mae;1124825.242678546
1;production;cluster_laststate;xgb;4;500;0.02;0.5;7;0.6;1;mae;1119633.2236560376
1;production;cluster_laststate;xgb;4;500;0.02;0.5;7;0.9;1;mae;1124629.762016253
1;production;cluster_laststate;xgb;4;500;0.02;0.8;3;0.6;1;mae;1157679.28917199
1;production;cluster_laststate;xgb;4;500;0.02;0.8;3;0.9;1;mae;1141688.6832597503
1;production;cluster_laststate;xgb;4;500;0.02;0.8;5;0.6;1;mae;1170827.811765781
1;production;cluster_laststate;xgb;4;500;0.02;0.8;5;0.9;1;mae;1161729.8445314988
1;production;cluster_laststate;xgb;4;500;0.02;0.8;7;0.6;1;mae;1149743.6811219298
1;production;cluster_laststate;xgb;4;500;0.02;0.8;7;0.9;1;mae;1157052.6965567048
1;production;cluster_laststate;xgb;4;500;0.04;0.5;3;0.6;1;mae;1139747.0903242896
1;production;cluster_laststate;xgb;4;500;0.04;0.5;3;0.9;1;mae;1128621.937607278
1;production;cluster_laststate;xgb;4;500;0.04;0.5;5;0.6;1;mae;1150106.3332815375
1;production;cluster_laststate;xgb;4;500;0.04;0.5;5;0.9;1;mae;1124253.2926751177
1;production;cluster_laststate;xgb;4;500;0.04;0.5;7;0.6;1;mae;1117880.9920865465
1;production;cluster_laststate;xgb;4;500;0.04;0.5;7;0.9;1;mae;1130736.0735452897
1;production;cluster_laststate;xgb;4;500;0.04;0.8;3;0.6;1;mae;1169969.2250517588
1;production;cluster_laststate;xgb;4;500;0.04;0.8;3;0.9;1;mae;1165208.4987818545
1;production;cluster_laststate;xgb;4;500;0.04;0.8;5;0.6;1;mae;1183648.9149792716
1;production;cluster_laststate;xgb;4;500;0.04;0.8;5;0.9;1;mae;1164353.1185710558
1;production;cluster_laststate;xgb;4;500;0.04;0.8;7;0.6;1;mae;1167624.2998830033
1;production;cluster_laststate;xgb;4;500;0.04;0.8;7;0.9;1;mae;1162956.6342144422
1;production;cluster_laststate;xgb;4;500;0.06;0.5;3;0.6;1;mae;1169283.668796008
1;production;cluster_laststate;xgb;4;500;0.06;0.5;3;0.9;1;mae;1133143.174790863
1;production;cluster_laststate;xgb;4;500;0.06;0.5;5;0.6;1;mae;1162821.0336101183
1;production;cluster_laststate;xgb;4;500;0.06;0.5;5;0.9;1;mae;1153443.62777983
1;production;cluster_laststate;xgb;4;500;0.06;0.5;7;0.6;1;mae;1158057.1346608354
1;production;cluster_laststate;xgb;4;500;0.06;0.5;7;0.9;1;mae;1146125.7551504548
1;production;cluster_laststate;xgb;4;500;0.06;0.8;3;0.6;1;mae;1182975.6789064158
1;production;cluster_laststate;xgb;4;500;0.06;0.8;3;0.9;1;mae;1173721.4268999284
1;production;cluster_laststate;xgb;4;500;0.06;0.8;5;0.6;1;mae;1192586.81955077
1;production;cluster_laststate;xgb;4;500;0.06;0.8;5;0.9;1;mae;1190978.2285457624
1;production;cluster_laststate;xgb;4;500;0.06;0.8;7;0.6;1;mae;1172923.8255447957
1;production;cluster_laststate;xgb;4;500;0.06;0.8;7;0.9;1;mae;1163417.6707955832
1;production;cluster_laststate;xgb;6;100;0.02;0.5;3;0.6;1;mae;1081293.6346439694
1;production;cluster_laststate;xgb;6;100;0.02;0.5;3;0.9;1;mae;1069401.822515572
1;production;cluster_laststate;xgb;6;100;0.02;0.5;5;0.6;1;mae;1071368.1665885122
1;production;cluster_laststate;xgb;6;100;0.02;0.5;5;0.9;1;mae;1080331.145719051
1;production;cluster_laststate;xgb;6;100;0.02;0.5;7;0.6;1;mae;1072107.1321887388
1;production;cluster_laststate;xgb;6;100;0.02;0.5;7;0.9;1;mae;1065116.646564004
1;production;cluster_laststate;xgb;6;100;0.02;0.8;3;0.6;1;mae;1086770.408700807
1;production;cluster_laststate;xgb;6;100;0.02;0.8;3;0.9;1;mae;1081667.0249681484
1;production;cluster_laststate;xgb;6;100;0.02;0.8;5;0.6;1;mae;1105038.345869019
1;production;cluster_laststate;xgb;6;100;0.02;0.8;5;0.9;1;mae;1117393.7315039283
1;production;cluster_laststate;xgb;6;100;0.02;0.8;7;0.6;1;mae;1087828.941822091
1;production;cluster_laststate;xgb;6;100;0.02;0.8;7;0.9;1;mae;1085035.049405436
1;production;cluster_laststate;xgb;6;100;0.04;0.5;3;0.6;1;mae;1087438.3046698046
1;production;cluster_laststate;xgb;6;100;0.04;0.5;3;0.9;1;mae;1094353.8186358649
1;production;cluster_laststate;xgb;6;100;0.04;0.5;5;0.6;1;mae;1093190.3145410488
1;production;cluster_laststate;xgb;6;100;0.04;0.5;5;0.9;1;mae;1094835.6037213334
1;production;cluster_laststate;xgb;6;100;0.04;0.5;7;0.6;1;mae;1086480.2515588503
1;production;cluster_laststate;xgb;6;100;0.04;0.5;7;0.9;1;mae;1088641.3474754256
1;production;cluster_laststate;xgb;6;100;0.04;0.8;3;0.6;1;mae;1101233.5152290664
1;production;cluster_laststate;xgb;6;100;0.04;0.8;3;0.9;1;mae;1134296.9697232447
1;production;cluster_laststate;xgb;6;100;0.04;0.8;5;0.6;1;mae;1106616.2138948366
1;production;cluster_laststate;xgb;6;100;0.04;0.8;5;0.9;1;mae;1151679.3194631229
1;production;cluster_laststate;xgb;6;100;0.04;0.8;7;0.6;1;mae;1100647.6671879424
1;production;cluster_laststate;xgb;6;100;0.04;0.8;7;0.9;1;mae;1107691.0660938164
1;production;cluster_laststate;xgb;6;100;0.06;0.5;3;0.6;1;mae;1113196.6712451559
1;production;cluster_laststate;xgb;6;100;0.06;0.5;3;0.9;1;mae;1105706.3513496027
1;production;cluster_laststate;xgb;6;100;0.06;0.5;5;0.6;1;mae;1110997.8414352261
1;production;cluster_laststate;xgb;6;100;0.06;0.5;5;0.9;1;mae;1129937.4233973536
1;production;cluster_laststate;xgb;6;100;0.06;0.5;7;0.6;1;mae;1089870.4599620434
1;production;cluster_laststate;xgb;6;100;0.06;0.5;7;0.9;1;mae;1111554.4841692916
1;production;cluster_laststate;xgb;6;100;0.06;0.8;3;0.6;1;mae;1125872.1043303027
1;production;cluster_laststate;xgb;6;100;0.06;0.8;3;0.9;1;mae;1153025.2908563667
1;production;cluster_laststate;xgb;6;100;0.06;0.8;5;0.6;1;mae;1129343.4748803352
1;production;cluster_laststate;xgb;6;100;0.06;0.8;5;0.9;1;mae;1161268.2303255282
1;production;cluster_laststate;xgb;6;100;0.06;0.8;7;0.6;1;mae;1102372.8118198346
1;production;cluster_laststate;xgb;6;100;0.06;0.8;7;0.9;1;mae;1138068.9855716485
1;production;cluster_laststate;xgb;6;500;0.02;0.5;3;0.6;1;mae;1128763.9684782103
1;production;cluster_laststate;xgb;6;500;0.02;0.5;3;0.9;1;mae;1131882.365178524
1;production;cluster_laststate;xgb;6;500;0.02;0.5;5;0.6;1;mae;1110074.7271575064
1;production;cluster_laststate;xgb;6;500;0.02;0.5;5;0.9;1;mae;1127175.5433718723
1;production;cluster_laststate;xgb;6;500;0.02;0.5;7;0.6;1;mae;1100903.047782993
1;production;cluster_laststate;xgb;6;500;0.02;0.5;7;0.9;1;mae;1114437.4225120328
1;production;cluster_laststate;xgb;6;500;0.02;0.8;3;0.6;1;mae;1143622.7723271165
1;production;cluster_laststate;xgb;6;500;0.02;0.8;3;0.9;1;mae;1161129.6609099617
1;production;cluster_laststate;xgb;6;500;0.02;0.8;5;0.6;1;mae;1136294.1102326717
1;production;cluster_laststate;xgb;6;500;0.02;0.8;5;0.9;1;mae;1155979.8621421114
1;production;cluster_laststate;xgb;6;500;0.02;0.8;7;0.6;1;mae;1112045.645554263
1;production;cluster_laststate;xgb;6;500;0.02;0.8;7;0.9;1;mae;1120105.3059057146
1;production;cluster_laststate;xgb;6;500;0.04;0.5;3;0.6;1;mae;1141090.0460076511
1;production;cluster_laststate;xgb;6;500;0.04;0.5;3;0.9;1;mae;1133412.5663201925
1;production;cluster_laststate;xgb;6;500;0.04;0.5;5;0.6;1;mae;1112028.791888089
1;production;cluster_laststate;xgb;6;500;0.04;0.5;5;0.9;1;mae;1111965.315278171
1;production;cluster_laststate;xgb;6;500;0.04;0.5;7;0.6;1;mae;1107054.2316886235
1;production;cluster_laststate;xgb;6;500;0.04;0.5;7;0.9;1;mae;1108219.3131934367
1;production;cluster_laststate;xgb;6;500;0.04;0.8;3;0.6;1;mae;1148208.5628710496
1;production;cluster_laststate;xgb;6;500;0.04;0.8;3;0.9;1;mae;1175535.2440462038
1;production;cluster_laststate;xgb;6;500;0.04;0.8;5;0.6;1;mae;1132146.5079739701
1;production;cluster_laststate;xgb;6;500;0.04;0.8;5;0.9;1;mae;1168762.8456812822
1;production;cluster_laststate;xgb;6;500;0.04;0.8;7;0.6;1;mae;1116831.5715666583
1;production;cluster_laststate;xgb;6;500;0.04;0.8;7;0.9;1;mae;1121299.8654246002
1;production;cluster_laststate;xgb;6;500;0.06;0.5;3;0.6;1;mae;1146373.368041854
1;production;cluster_laststate;xgb;6;500;0.06;0.5;3;0.9;1;mae;1138089.7061116444
1;production;cluster_laststate;xgb;6;500;0.06;0.5;5;0.6;1;mae;1123684.0157828066
1;production;cluster_laststate;xgb;6;500;0.06;0.5;5;0.9;1;mae;1144381.2157824333
1;production;cluster_laststate;xgb;6;500;0.06;0.5;7;0.6;1;mae;1104595.1795968113
1;production;cluster_laststate;xgb;6;500;0.06;0.5;7;0.9;1;mae;1114635.977378975
1;production;cluster_laststate;xgb;6;500;0.06;0.8;3;0.6;1;mae;1157818.1220255212
1;production;cluster_laststate;xgb;6;500;0.06;0.8;3;0.9;1;mae;1199502.0209148058
1;production;cluster_laststate;xgb;6;500;0.06;0.8;5;0.6;1;mae;1142718.9937778702
1;production;cluster_laststate;xgb;6;500;0.06;0.8;5;0.9;1;mae;1162594.8956413572
1;production;cluster_laststate;xgb;6;500;0.06;0.8;7;0.6;1;mae;1113256.1247555828
1;production;cluster_laststate;xgb;6;500;0.06;0.8;7;0.9;1;mae;1144327.8118046622
2;production;cluster_laststate;xgb;2;100;0.02;0.5;3;0.6;1;mae;997714.8620627867
2;production;cluster_laststate;xgb;2;100;0.02;0.5;3;0.9;1;mae;959570.8620986239
2;production;cluster_laststate;xgb;2;100;0.02;0.5;5;0.6;1;mae;934232.8287521502
2;production;cluster_laststate;xgb;2;100;0.02;0.5;5;0.9;1;mae;903320.8111919438
2;production;cluster_laststate;xgb;2;100;0.02;0.5;7;0.6;1;mae;908150.8670531106
2;production;cluster_laststate;xgb;2;100;0.02;0.5;7;0.9;1;mae;892268.2930583429
2;production;cluster_laststate;xgb;2;100;0.02;0.8;3;0.6;1;mae;990527.6219896789
2;production;cluster_laststate;xgb;2;100;0.02;0.8;3;0.9;1;mae;968203.5685564794
2;production;cluster_laststate;xgb;2;100;0.02;0.8;5;0.6;1;mae;929316.060546875
2;production;cluster_laststate;xgb;2;100;0.02;0.8;5;0.9;1;mae;903287.2878619552
2;production;cluster_laststate;xgb;2;100;0.02;0.8;7;0.6;1;mae;909187.2471061497
2;production;cluster_laststate;xgb;2;100;0.02;0.8;7;0.9;1;mae;893617.9381271502
2;production;cluster_laststate;xgb;2;100;0.04;0.5;3;0.6;1;mae;954157.3125716744
2;production;cluster_laststate;xgb;2;100;0.04;0.5;3;0.9;1;mae;930238.0890452533
2;production;cluster_laststate;xgb;2;100;0.04;0.5;5;0.6;1;mae;928414.3071244266
2;production;cluster_laststate;xgb;2;100;0.04;0.5;5;0.9;1;mae;910603.2230795764
2;production;cluster_laststate;xgb;2;100;0.04;0.5;7;0.6;1;mae;909568.8527540854
2;production;cluster_laststate;xgb;2;100;0.04;0.5;7;0.9;1;mae;901204.1330544008
2;production;cluster_laststate;xgb;2;100;0.04;0.8;3;0.6;1;mae;950791.9592173165
2;production;cluster_laststate;xgb;2;100;0.04;0.8;3;0.9;1;mae;933947.5777307913
2;production;cluster_laststate;xgb;2;100;0.04;0.8;5;0.6;1;mae;909345.5905576934
2;production;cluster_laststate;xgb;2;100;0.04;0.8;5;0.9;1;mae;890387.1429364965
2;production;cluster_laststate;xgb;2;100;0.04;0.8;7;0.6;1;mae;899251.0323094359
2;production;cluster_laststate;xgb;2;100;0.04;0.8;7;0.9;1;mae;899258.2850963348
2;production;cluster_laststate;xgb;2;100;0.06;0.5;3;0.6;1;mae;932236.8437858372
2;production;cluster_laststate;xgb;2;100;0.06;0.5;3;0.9;1;mae;923314.2776394065
2;production;cluster_laststate;xgb;2;100;0.06;0.5;5;0.6;1;mae;905061.7438449685
2;production;cluster_laststate;xgb;2;100;0.06;0.5;5;0.9;1;mae;907652.9094439865
2;production;cluster_laststate;xgb;2;100;0.06;0.5;7;0.6;1;mae;918521.9542717889
2;production;cluster_laststate;xgb;2;100;0.06;0.5;7;0.9;1;mae;905456.3417923953
2;production;cluster_laststate;xgb;2;100;0.06;0.8;3;0.6;1;mae;924359.3697140195
2;production;cluster_laststate;xgb;2;100;0.06;0.8;3;0.9;1;mae;929332.7787145212
2;production;cluster_laststate;xgb;2;100;0.06;0.8;5;0.6;1;mae;916723.4312284978
2;production;cluster_laststate;xgb;2;100;0.06;0.8;5;0.9;1;mae;914389.6212852548
2;production;cluster_laststate;xgb;2;100;0.06;0.8;7;0.6;1;mae;905634.7971460185
2;production;cluster_laststate;xgb;2;100;0.06;0.8;7;0.9;1;mae;903877.7010016486
2;production;cluster_laststate;xgb;2;500;0.02;0.5;3;0.6;1;mae;912916.823600559
2;production;cluster_laststate;xgb;2;500;0.02;0.5;3;0.9;1;mae;928590.8788939309
2;production;cluster_laststate;xgb;2;500;0.02;0.5;5;0.6;1;mae;913660.2984428756
2;production;cluster_laststate;xgb;2;500;0.02;0.5;5;0.9;1;mae;925258.7286880913
2;production;cluster_laststate;xgb;2;500;0.02;0.5;7;0.6;1;mae;907188.5367734017
2;production;cluster_laststate;xgb;2;500;0.02;0.5;7;0.9;1;mae;910440.7024873506
2;production;cluster_laststate;xgb;2;500;0.02;0.8;3;0.6;1;mae;920090.4463596169
2;production;cluster_laststate;xgb;2;500;0.02;0.8;3;0.9;1;mae;942492.7591026376
2;production;cluster_laststate;xgb;2;500;0.02;0.8;5;0.6;1;mae;910021.1765024727
2;production;cluster_laststate;xgb;2;500;0.02;0.8;5;0.9;1;mae;912544.6769773151
2;production;cluster_laststate;xgb;2;500;0.02;0.8;7;0.6;1;mae;907953.6335471617
2;production;cluster_laststate;xgb;2;500;0.02;0.8;7;0.9;1;mae;901179.5437392489
2;production;cluster_laststate;xgb;2;500;0.04;0.5;3;0.6;1;mae;919009.1946916493
2;production;cluster_laststate;xgb;2;500;0.04;0.5;3;0.9;1;mae;928398.4139893209
2;production;cluster_laststate;xgb;2;500;0.04;0.5;5;0.6;1;mae;934506.758833859
2;production;cluster_laststate;xgb;2;500;0.04;0.5;5;0.9;1;mae;924669.0130962407
2;production;cluster_laststate;xgb;2;500;0.04;0.5;7;0.6;1;mae;909921.0910039779
2;production;cluster_laststate;xgb;2;500;0.04;0.5;7;0.9;1;mae;910809.0307920964
2;production;cluster_laststate;xgb;2;500;0.04;0.8;3;0.6;1;mae;910899.4255651071
2;production;cluster_laststate;xgb;2;500;0.04;0.8;3;0.9;1;mae;934959.6275556372
2;production;cluster_laststate;xgb;2;500;0.04;0.8;5;0.6;1;mae;917513.2373821713
2;production;cluster_laststate;xgb;2;500;0.04;0.8;5;0.9;1;mae;910605.4996830651
2;production;cluster_laststate;xgb;2;500;0.04;0.8;7;0.6;1;mae;904960.2772004014
2;production;cluster_laststate;xgb;2;500;0.04;0.8;7;0.9;1;mae;907465.7725690089
2;production;cluster_laststate;xgb;2;500;0.06;0.5;3;0.6;1;mae;931997.8535223445
2;production;cluster_laststate;xgb;2;500;0.06;0.5;3;0.9;1;mae;935765.6852556982
2;production;cluster_laststate;xgb;2;500;0.06;0.5;5;0.6;1;mae;912339.4863230854
2;production;cluster_laststate;xgb;2;500;0.06;0.5;5;0.9;1;mae;913757.3409502222
2;production;cluster_laststate;xgb;2;500;0.06;0.5;7;0.6;1;mae;917330.6739725935
2;production;cluster_laststate;xgb;2;500;0.06;0.5;7;0.9;1;mae;907301.6227657773
2;production;cluster_laststate;xgb;2;500;0.06;0.8;3;0.6;1;mae;908565.8987600344
2;production;cluster_laststate;xgb;2;500;0.06;0.8;3;0.9;1;mae;940352.3411338876
2;production;cluster_laststate;xgb;2;500;0.06;0.8;5;0.6;1;mae;925145.8689815976
2;production;cluster_laststate;xgb;2;500;0.06;0.8;5;0.9;1;mae;919496.7859240191
2;production;cluster_laststate;xgb;2;500;0.06;0.8;7;0.6;1;mae;904493.5809359769
2;production;cluster_laststate;xgb;2;500;0.06;0.8;7;0.9;1;mae;905797.4678327928
2;production;cluster_laststate;xgb;4;100;0.02;0.5;3;0.6;1;mae;988707.8438754301
2;production;cluster_laststate;xgb;4;100;0.02;0.5;3;0.9;1;mae;975363.6312894209
2;production;cluster_laststate;xgb;4;100;0.02;0.5;5;0.6;1;mae;975979.9143491973
2;production;cluster_laststate;xgb;4;100;0.02;0.5;5;0.9;1;mae;935753.0141646359
2;production;cluster_laststate;xgb;4;100;0.02;0.5;7;0.6;1;mae;965586.9936187464
2;production;cluster_laststate;xgb;4;100;0.02;0.5;7;0.9;1;mae;919274.7521054329
2;production;cluster_laststate;xgb;4;100;0.02;0.8;3;0.6;1;mae;984527.360987672
2;production;cluster_laststate;xgb;4;100;0.02;0.8;3;0.9;1;mae;960522.4564936927
2;production;cluster_laststate;xgb;4;100;0.02;0.8;5;0.6;1;mae;973700.9385571961
2;production;cluster_laststate;xgb;4;100;0.02;0.8;5;0.9;1;mae;936156.6131826978
2;production;cluster_laststate;xgb;4;100;0.02;0.8;7;0.6;1;mae;965277.1005859375
2;production;cluster_laststate;xgb;4;100;0.02;0.8;7;0.9;1;mae;916072.8547262489
2;production;cluster_laststate;xgb;4;100;0.04;0.5;3;0.6;1;mae;955422.7795208573
2;production;cluster_laststate;xgb;4;100;0.04;0.5;3;0.9;1;mae;943783.9028544294
2;production;cluster_laststate;xgb;4;100;0.04;0.5;5;0.6;1;mae;972484.0105585221
2;production;cluster_laststate;xgb;4;100;0.04;0.5;5;0.9;1;mae;924469.4161231364
2;production;cluster_laststate;xgb;4;100;0.04;0.5;7;0.6;1;mae;961766.5955743352
2;production;cluster_laststate;xgb;4;100;0.04;0.5;7;0.9;1;mae;932189.5120950402
2;production;cluster_laststate;xgb;4;100;0.04;0.8;3;0.6;1;mae;965681.5219592173
2;production;cluster_laststate;xgb;4;100;0.04;0.8;3;0.9;1;mae;952332.3754524441
2;production;cluster_laststate;xgb;4;100;0.04;0.8;5;0.6;1;mae;973734.1184037235
2;production;cluster_laststate;xgb;4;100;0.04;0.8;5;0.9;1;mae;960213.3347615934
2;production;cluster_laststate;xgb;4;100;0.04;0.8;7;0.6;1;mae;973836.211000215
2;production;cluster_laststate;xgb;4;100;0.04;0.8;7;0.9;1;mae;924140.0170584862
2;production;cluster_laststate;xgb;4;100;0.06;0.5;3;0.6;1;mae;938650.9171825724
2;production;cluster_laststate;xgb;4;100;0.06;0.5;3;0.9;1;mae;950093.0844776959
2;production;cluster_laststate;xgb;4;100;0.06;0.5;5;0.6;1;mae;965207.1955947176
2;production;cluster_laststate;xgb;4;100;0.06;0.5;5;0.9;1;mae;939917.547226652
2;production;cluster_laststate;xgb;4;100;0.06;0.5;7;0.6;1;mae;950597.5013455732
2;production;cluster_laststate;xgb;4;100;0.06;0.5;7;0.9;1;mae;927024.1253202946
2;production;cluster_laststate;xgb;4;100;0.06;0.8;3;0.6;1;mae;957572.1874977602
2;production;cluster_laststate;xgb;4;100;0.06;0.8;3;0.9;1;mae;966553.6628305977
2;production;cluster_laststate;xgb;4;100;0.06;0.8;5;0.6;1;mae;961698.3245816012
2;production;cluster_laststate;xgb;4;100;0.06;0.8;5;0.9;1;mae;971772.3667921714
2;production;cluster_laststate;xgb;4;100;0.06;0.8;7;0.6;1;mae;958590.2298617582
2;production;cluster_laststate;xgb;4;100;0.06;0.8;7;0.9;1;mae;938325.0077957014
2;production;cluster_laststate;xgb;4;500;0.02;0.5;3;0.6;1;mae;957186.1991985916
2;production;cluster_laststate;xgb;4;500;0.02;0.5;3;0.9;1;mae;958025.0242623145
2;production;cluster_laststate;xgb;4;500;0.02;0.5;5;0.6;1;mae;981320.217818794
2;production;cluster_laststate;xgb;4;500;0.02;0.5;5;0.9;1;mae;946973.4207718875
2;production;cluster_laststate;xgb;4;500;0.02;0.5;7;0.6;1;mae;958895.4204392739
2;production;cluster_laststate;xgb;4;500;0.02;0.5;7;0.9;1;mae;922260.865863765
2;production;cluster_laststate;xgb;4;500;0.02;0.8;3;0.6;1;mae;973866.9557545513
2;production;cluster_laststate;xgb;4;500;0.02;0.8;3;0.9;1;mae;969442.9428274172
2;production;cluster_laststate;xgb;4;500;0.02;0.8;5;0.6;1;mae;974043.503642511
2;production;cluster_laststate;xgb;4;500;0.02;0.8;5;0.9;1;mae;945731.1615908562
2;production;cluster_laststate;xgb;4;500;0.02;0.8;7;0.6;1;mae;959861.1987215094
2;production;cluster_laststate;xgb;4;500;0.02;0.8;7;0.9;1;mae;917430.3921435995
2;production;cluster_laststate;xgb;4;500;0.04;0.5;3;0.6;1;mae;956287.0264254229
2;production;cluster_laststate;xgb;4;500;0.04;0.5;3;0.9;1;mae;947054.0422671257
2;production;cluster_laststate;xgb;4;500;0.04;0.5;5;0.6;1;mae;979755.0606958232
2;production;cluster_laststate;xgb;4;500;0.04;0.5;5;0.9;1;mae;926739.7770646121
2;production;cluster_laststate;xgb;4;500;0.04;0.5;7;0.6;1;mae;956463.1463813431
2;production;cluster_laststate;xgb;4;500;0.04;0.5;7;0.9;1;mae;932132.3175709576
2;production;cluster_laststate;xgb;4;500;0.04;0.8;3;0.6;1;mae;978006.8099947588
2;production;cluster_laststate;xgb;4;500;0.04;0.8;3;0.9;1;mae;966670.3352227167
2;production;cluster_laststate;xgb;4;500;0.04;0.8;5;0.6;1;mae;976169.8344189005
2;production;cluster_laststate;xgb;4;500;0.04;0.8;5;0.9;1;mae;980068.7773258315
2;production;cluster_laststate;xgb;4;500;0.04;0.8;7;0.6;1;mae;975479.2744767775
2;production;cluster_laststate;xgb;4;500;0.04;0.8;7;0.9;1;mae;924292.4751491721
2;production;cluster_laststate;xgb;4;500;0.06;0.5;3;0.6;1;mae;963456.7533048578
2;production;cluster_laststate;xgb;4;500;0.06;0.5;3;0.9;1;mae;960203.980557503
2;production;cluster_laststate;xgb;4;500;0.06;0.5;5;0.6;1;mae;971262.7123945043
2;production;cluster_laststate;xgb;4;500;0.06;0.5;5;0.9;1;mae;943816.9166718929
2;production;cluster_laststate;xgb;4;500;0.06;0.5;7;0.6;1;mae;949375.5994296293
2;production;cluster_laststate;xgb;4;500;0.06;0.5;7;0.9;1;mae;928254.2175326566
2;production;cluster_laststate;xgb;4;500;0.06;0.8;3;0.6;1;mae;965494.670979911
2;production;cluster_laststate;xgb;4;500;0.06;0.8;3;0.9;1;mae;983600.5223719046
2;production;cluster_laststate;xgb;4;500;0.06;0.8;5;0.6;1;mae;972619.5627966014
2;production;cluster_laststate;xgb;4;500;0.06;0.8;5;0.9;1;mae;977284.4766879301
2;production;cluster_laststate;xgb;4;500;0.06;0.8;7;0.6;1;mae;956774.4231259407
2;production;cluster_laststate;xgb;4;500;0.06;0.8;7;0.9;1;mae;937950.2036407191
2;production;cluster_laststate;xgb;6;100;0.02;0.5;3;0.6;1;mae;992816.1010070241
2;production;cluster_laststate;xgb;6;100;0.02;0.5;3;0.9;1;mae;1000930.9030425745
2;production;cluster_laststate;xgb;6;100;0.02;0.5;5;0.6;1;mae;961141.1501935206
2;production;cluster_laststate;xgb;6;100;0.02;0.5;5;0.9;1;mae;956326.3732887758
2;production;cluster_laststate;xgb;6;100;0.02;0.5;7;0.6;1;mae;946673.3071938611
2;production;cluster_laststate;xgb;6;100;0.02;0.5;7;0.9;1;mae;935095.3725361956
2;production;cluster_laststate;xgb;6;100;0.02;0.8;3;0.6;1;mae;992558.5078483372
2;production;cluster_laststate;xgb;6;100;0.02;0.8;3;0.9;1;mae;999725.8426748853
2;production;cluster_laststate;xgb;6;100;0.02;0.8;5;0.6;1;mae;952300.6462872706
2;production;cluster_laststate;xgb;6;100;0.02;0.8;5;0.9;1;mae;978147.441809418
2;production;cluster_laststate;xgb;6;100;0.02;0.8;7;0.6;1;mae;945239.6441101634
2;production;cluster_laststate;xgb;6;100;0.02;0.8;7;0.9;1;mae;973093.3569123155
2;production;cluster_laststate;xgb;6;100;0.04;0.5;3;0.6;1;mae;970215.8139290066
2;production;cluster_laststate;xgb;6;100;0.04;0.5;3;0.9;1;mae;982017.9761414134
2;production;cluster_laststate;xgb;6;100;0.04;0.5;5;0.6;1;mae;938494.3082577767
2;production;cluster_laststate;xgb;6;100;0.04;0.5;5;0.9;1;mae;954124.1434382168
2;production;cluster_laststate;xgb;6;100;0.04;0.5;7;0.6;1;mae;917942.2571685511
2;production;cluster_laststate;xgb;6;100;0.04;0.5;7;0.9;1;mae;933933.944985486
2;production;cluster_laststate;xgb;6;100;0.04;0.8;3;0.6;1;mae;982227.7732762328
2;production;cluster_laststate;xgb;6;100;0.04;0.8;3;0.9;1;mae;990330.8441621272
2;production;cluster_laststate;xgb;6;100;0.04;0.8;5;0.6;1;mae;927197.5697032684
2;production;cluster_laststate;xgb;6;100;0.04;0.8;5;0.9;1;mae;970457.257106956
2;production;cluster_laststate;xgb;6;100;0.04;0.8;7;0.6;1;mae;923371.0038793721
2;production;cluster_laststate;xgb;6;100;0.04;0.8;7;0.9;1;mae;955338.938709504
2;production;cluster_laststate;xgb;6;100;0.06;0.5;3;0.6;1;mae;963783.1506997205
2;production;cluster_laststate;xgb;6;100;0.06;0.5;3;0.9;1;mae;990349.900781194
2;production;cluster_laststate;xgb;6;100;0.06;0.5;5;0.6;1;mae;934037.0492850487
2;production;cluster_laststate;xgb;6;100;0.06;0.5;5;0.9;1;mae;961962.3082219395
2;production;cluster_laststate;xgb;6;100;0.06;0.5;7;0.6;1;mae;916466.3414799401
2;production;cluster_laststate;xgb;6;100;0.06;0.5;7;0.9;1;mae;938773.1160922269
2;production;cluster_laststate;xgb;6;100;0.06;0.8;3;0.6;1;mae;973632.3617268134
2;production;cluster_laststate;xgb;6;100;0.06;0.8;3;0.9;1;mae;1001118.8109545227
2;production;cluster_laststate;xgb;6;100;0.06;0.8;5;0.6;1;mae;930728.6843396109
2;production;cluster_laststate;xgb;6;100;0.06;0.8;5;0.9;1;mae;970668.8609607941
2;production;cluster_laststate;xgb;6;100;0.06;0.8;7;0.6;1;mae;893221.575667915
2;production;cluster_laststate;xgb;6;100;0.06;0.8;7;0.9;1;mae;948845.6449140497
2;production;cluster_laststate;xgb;6;500;0.02;0.5;3;0.6;1;mae;972700.3787578618
2;production;cluster_laststate;xgb;6;500;0.02;0.5;3;0.9;1;mae;992248.4282680127
2;production;cluster_laststate;xgb;6;500;0.02;0.5;5;0.6;1;mae;945888.2318182429
2;production;cluster_laststate;xgb;6;500;0.02;0.5;5;0.9;1;mae;964083.6481642417
2;production;cluster_laststate;xgb;6;500;0.02;0.5;7;0.6;1;mae;926388.2234334684
2;production;cluster_laststate;xgb;6;500;0.02;0.5;7;0.9;1;mae;942225.4364601625
2;production;cluster_laststate;xgb;6;500;0.02;0.8;3;0.6;1;mae;970314.6644208715
2;production;cluster_laststate;xgb;6;500;0.02;0.8;3;0.9;1;mae;987742.2392230952
2;production;cluster_laststate;xgb;6;500;0.02;0.8;5;0.6;1;mae;923237.808543914
2;production;cluster_laststate;xgb;6;500;0.02;0.8;5;0.9;1;mae;976521.461906783
2;production;cluster_laststate;xgb;6;500;0.02;0.8;7;0.6;1;mae;928930.3834234115
2;production;cluster_laststate;xgb;6;500;0.02;0.8;7;0.9;1;mae;966020.1009818261
2;production;cluster_laststate;xgb;6;500;0.04;0.5;3;0.6;1;mae;967706.7964639926
2;production;cluster_laststate;xgb;6;500;0.04;0.5;3;0.9;1;mae;995787.7482932555
2;production;cluster_laststate;xgb;6;500;0.04;0.5;5;0.6;1;mae;937280.9759846259
2;production;cluster_laststate;xgb;6;500;0.04;0.5;5;0.9;1;mae;960754.4831804398
2;production;cluster_laststate;xgb;6;500;0.04;0.5;7;0.6;1;mae;912708.0750698824
2;production;cluster_laststate;xgb;6;500;0.04;0.5;7;0.9;1;mae;935021.5025657164
2;production;cluster_laststate;xgb;6;500;0.04;0.8;3;0.6;1;mae;970422.4818823579
2;production;cluster_laststate;xgb;6;500;0.04;0.8;3;0.9;1;mae;986121.4751928487
2;production;cluster_laststate;xgb;6;500;0.04;0.8;5;0.6;1;mae;918993.3672381759
2;production;cluster_laststate;xgb;6;500;0.04;0.8;5;0.9;1;mae;969530.5548129301
2;production;cluster_laststate;xgb;6;500;0.04;0.8;7;0.6;1;mae;915103.0178222656
2;production;cluster_laststate;xgb;6;500;0.04;0.8;7;0.9;1;mae;956412.3478018384
2;production;cluster_laststate;xgb;6;500;0.06;0.5;3;0.6;1;mae;961558.2504378853
2;production;cluster_laststate;xgb;6;500;0.06;0.5;3;0.9;1;mae;982150.5367342047
2;production;cluster_laststate;xgb;6;500;0.06;0.5;5;0.6;1;mae;936077.1591147326
2;production;cluster_laststate;xgb;6;500;0.06;0.5;5;0.9;1;mae;964858.1519811788
2;production;cluster_laststate;xgb;6;500;0.06;0.5;7;0.6;1;mae;906101.2966540975
2;production;cluster_laststate;xgb;6;500;0.06;0.5;7;0.9;1;mae;934442.9654115449
2;production;cluster_laststate;xgb;6;500;0.06;0.8;3;0.6;1;mae;961703.4138631559
2;production;cluster_laststate;xgb;6;500;0.06;0.8;3;0.9;1;mae;1005626.3601214208
2;production;cluster_laststate;xgb;6;500;0.06;0.8;5;0.6;1;mae;924842.8580875222
2;production;cluster_laststate;xgb;6;500;0.06;0.8;5;0.9;1;mae;973408.6008731948
2;production;cluster_laststate;xgb;6;500;0.06;0.8;7;0.6;1;mae;888219.4133076799
2;production;cluster_laststate;xgb;6;500;0.06;0.8;7;0.9;1;mae;951016.9169563503
3;production;cluster_laststate;xgb;2;100;0.02;0.5;3;0.6;1;mae;1124067.2836044522
3;production;cluster_laststate;xgb;2;100;0.02;0.5;3;0.9;1;mae;1102613.290756992
3;production;cluster_laststate;xgb;2;100;0.02;0.5;5;0.6;1;mae;1077505.5465361015
3;production;cluster_laststate;xgb;2;100;0.02;0.5;5;0.9;1;mae;1061843.4663777112
3;production;cluster_laststate;xgb;2;100;0.02;0.5;7;0.6;1;mae;1052713.8787992294
3;production;cluster_laststate;xgb;2;100;0.02;0.5;7;0.9;1;mae;1043185.2499554082
3;production;cluster_laststate;xgb;2;100;0.02;0.8;3;0.6;1;mae;1132818.9733340468
3;production;cluster_laststate;xgb;2;100;0.02;0.8;3;0.9;1;mae;1102385.244399258
3;production;cluster_laststate;xgb;2;100;0.02;0.8;5;0.6;1;mae;1098679.2260363156
3;production;cluster_laststate;xgb;2;100;0.02;0.8;5;0.9;1;mae;1076804.24026113
3;production;cluster_laststate;xgb;2;100;0.02;0.8;7;0.6;1;mae;1061088.5610998145
3;production;cluster_laststate;xgb;2;100;0.02;0.8;7;0.9;1;mae;1059222.9293486015
3;production;cluster_laststate;xgb;2;100;0.04;0.5;3;0.6;1;mae;1086960.970515839
3;production;cluster_laststate;xgb;2;100;0.04;0.5;3;0.9;1;mae;1048388.4706942067
3;production;cluster_laststate;xgb;2;100;0.04;0.5;5;0.6;1;mae;1042766.1535923231
3;production;cluster_laststate;xgb;2;100;0.04;0.5;5;0.9;1;mae;1013525.760931703
3;production;cluster_laststate;xgb;2;100;0.04;0.5;7;0.6;1;mae;1010638.606299274
3;production;cluster_laststate;xgb;2;100;0.04;0.5;7;0.9;1;mae;994266.8127541738
3;production;cluster_laststate;xgb;2;100;0.04;0.8;3;0.6;1;mae;1089026.7952763806
3;production;cluster_laststate;xgb;2;100;0.04;0.8;3;0.9;1;mae;1053364.7768666167
3;production;cluster_laststate;xgb;2;100;0.04;0.8;5;0.6;1;mae;1040370.2823425015
3;production;cluster_laststate;xgb;2;100;0.04;0.8;5;0.9;1;mae;1017766.5488626837
3;production;cluster_laststate;xgb;2;100;0.04;0.8;7;0.6;1;mae;1012827.9819996455
3;production;cluster_laststate;xgb;2;100;0.04;0.8;7;0.9;1;mae;1001221.5071347032
3;production;cluster_laststate;xgb;2;100;0.06;0.5;3;0.6;1;mae;1060454.6670323203
3;production;cluster_laststate;xgb;2;100;0.06;0.5;3;0.9;1;mae;1040510.9040427012
3;production;cluster_laststate;xgb;2;100;0.06;0.5;5;0.6;1;mae;1048306.446714079
3;production;cluster_laststate;xgb;2;100;0.06;0.5;5;0.9;1;mae;1001105.4630466966
3;production;cluster_laststate;xgb;2;100;0.06;0.5;7;0.6;1;mae;1012223.1221773331
3;production;cluster_laststate;xgb;2;100;0.06;0.5;7;0.9;1;mae;1011780.0352142195
3;production;cluster_laststate;xgb;2;100;0.06;0.8;3;0.6;1;mae;1069414.2409835188
3;production;cluster_laststate;xgb;2;100;0.06;0.8;3;0.9;1;mae;1032791.4021965967
3;production;cluster_laststate;xgb;2;100;0.06;0.8;5;0.6;1;mae;1030979.6914352347
3;production;cluster_laststate;xgb;2;100;0.06;0.8;5;0.9;1;mae;997497.0313040677
3;production;cluster_laststate;xgb;2;100;0.06;0.8;7;0.6;1;mae;1005227.2676561609
3;production;cluster_laststate;xgb;2;100;0.06;0.8;7;0.9;1;mae;998002.447134079
3;production;cluster_laststate;xgb;2;500;0.02;0.5;3;0.6;1;mae;1034869.0578114409
3;production;cluster_laststate;xgb;2;500;0.02;0.5;3;0.9;1;mae;1017232.244613299
3;production;cluster_laststate;xgb;2;500;0.02;0.5;5;0.6;1;mae;1004615.4761210403
3;production;cluster_laststate;xgb;2;500;0.02;0.5;5;0.9;1;mae;981770.8655777326
3;production;cluster_laststate;xgb;2;500;0.02;0.5;7;0.6;1;mae;989888.0344884864
3;production;cluster_laststate;xgb;2;500;0.02;0.5;7;0.9;1;mae;981247.4140492618
3;production;cluster_laststate;xgb;2;500;0.02;0.8;3;0.6;1;mae;1038368.4558609915
3;production;cluster_laststate;xgb;2;500;0.02;0.8;3;0.9;1;mae;1020035.2843341567
3;production;cluster_laststate;xgb;2;500;0.02;0.8;5;0.6;1;mae;1016438.1012598325
3;production;cluster_laststate;xgb;2;500;0.02;0.8;5;0.9;1;mae;989133.1127951983
3;production;cluster_laststate;xgb;2;500;0.02;0.8;7;0.6;1;mae;993878.2181926013
3;production;cluster_laststate;xgb;2;500;0.02;0.8;7;0.9;1;mae;989760.243666
3;production;cluster_laststate;xgb;2;500;0.04;0.5;3;0.6;1;mae;1023654.5102499347
3;production;cluster_laststate;xgb;2;500;0.04;0.5;3;0.9;1;mae;1001178.4135981869
3;production;cluster_laststate;xgb;2;500;0.04;0.5;5;0.6;1;mae;1013490.01966837
3;production;cluster_laststate;xgb;2;500;0.04;0.5;5;0.9;1;mae;986115.8978923641
3;production;cluster_laststate;xgb;2;500;0.04;0.5;7;0.6;1;mae;990263.6732891204
3;production;cluster_laststate;xgb;2;500;0.04;0.5;7;0.9;1;mae;984668.9469055454
3;production;cluster_laststate;xgb;2;500;0.04;0.8;3;0.6;1;mae;1036626.131431806
3;production;cluster_laststate;xgb;2;500;0.04;0.8;3;0.9;1;mae;1005334.2773682756
3;production;cluster_laststate;xgb;2;500;0.04;0.8;5;0.6;1;mae;1011439.8971988207
3;production;cluster_laststate;xgb;2;500;0.04;0.8;5;0.9;1;mae;996250.2087435788
3;production;cluster_laststate;xgb;2;500;0.04;0.8;7;0.6;1;mae;995522.359820919
3;production;cluster_laststate;xgb;2;500;0.04;0.8;7;0.9;1;mae;992530.11462904
3;production;cluster_laststate;xgb;2;500;0.06;0.5;3;0.6;1;mae;1015704.7578871914
3;production;cluster_laststate;xgb;2;500;0.06;0.5;3;0.9;1;mae;1007482.5323542068
3;production;cluster_laststate;xgb;2;500;0.06;0.5;5;0.6;1;mae;1019807.8435302456
3;production;cluster_laststate;xgb;2;500;0.06;0.5;5;0.9;1;mae;990774.5787258758
3;production;cluster_laststate;xgb;2;500;0.06;0.5;7;0.6;1;mae;1005530.3445587856
3;production;cluster_laststate;xgb;2;500;0.06;0.5;7;0.9;1;mae;1008470.1015450812
3;production;cluster_laststate;xgb;2;500;0.06;0.8;3;0.6;1;mae;1038006.513154609
3;production;cluster_laststate;xgb;2;500;0.06;0.8;3;0.9;1;mae;1006133.4068124152
3;production;cluster_laststate;xgb;2;500;0.06;0.8;5;0.6;1;mae;1011315.5634375446
3;production;cluster_laststate;xgb;2;500;0.06;0.8;5;0.9;1;mae;992430.9415693588
3;production;cluster_laststate;xgb;2;500;0.06;0.8;7;0.6;1;mae;1001365.9098755998
3;production;cluster_laststate;xgb;2;500;0.06;0.8;7;0.9;1;mae;998262.7033992402
3;production;cluster_laststate;xgb;4;100;0.02;0.5;3;0.6;1;mae;1127731.4559342894
3;production;cluster_laststate;xgb;4;100;0.02;0.5;3;0.9;1;mae;1144395.8911690211
3;production;cluster_laststate;xgb;4;100;0.02;0.5;5;0.6;1;mae;1103908.7767373002
3;production;cluster_laststate;xgb;4;100;0.02;0.5;5;0.9;1;mae;1130622.3367178582
3;production;cluster_laststate;xgb;4;100;0.02;0.5;7;0.6;1;mae;1093151.4553010846
3;production;cluster_laststate;xgb;4;100;0.02;0.5;7;0.9;1;mae;1107548.3263190282
3;production;cluster_laststate;xgb;4;100;0.02;0.8;3;0.6;1;mae;1136382.7556899257
3;production;cluster_laststate;xgb;4;100;0.02;0.8;3;0.9;1;mae;1149311.9461775827
3;production;cluster_laststate;xgb;4;100;0.02;0.8;5;0.6;1;mae;1101776.90509507
3;production;cluster_laststate;xgb;4;100;0.02;0.8;5;0.9;1;mae;1129998.8816642587
3;production;cluster_laststate;xgb;4;100;0.02;0.8;7;0.6;1;mae;1083678.4578160674
3;production;cluster_laststate;xgb;4;100;0.02;0.8;7;0.9;1;mae;1115524.9078887522
3;production;cluster_laststate;xgb;4;100;0.04;0.5;3;0.6;1;mae;1108112.8187874572
3;production;cluster_laststate;xgb;4;100;0.04;0.5;3;0.9;1;mae;1120831.2705479453
3;production;cluster_laststate;xgb;4;100;0.04;0.5;5;0.6;1;mae;1088564.5587442475
3;production;cluster_laststate;xgb;4;100;0.04;0.5;5;0.9;1;mae;1094084.1278842594
3;production;cluster_laststate;xgb;4;100;0.04;0.5;7;0.6;1;mae;1079617.1689497717
3;production;cluster_laststate;xgb;4;100;0.04;0.5;7;0.9;1;mae;1081224.7873981076
3;production;cluster_laststate;xgb;4;100;0.04;0.8;3;0.6;1;mae;1114307.697617901
3;production;cluster_laststate;xgb;4;100;0.04;0.8;3;0.9;1;mae;1114279.3602757563
3;production;cluster_laststate;xgb;4;100;0.04;0.8;5;0.6;1;mae;1083311.638337436
3;production;cluster_laststate;xgb;4;100;0.04;0.8;5;0.9;1;mae;1096800.4372324487
3;production;cluster_laststate;xgb;4;100;0.04;0.8;7;0.6;1;mae;1061532.6202977847
3;production;cluster_laststate;xgb;4;100;0.04;0.8;7;0.9;1;mae;1093104.9942587935
3;production;cluster_laststate;xgb;4;100;0.06;0.5;3;0.6;1;mae;1098882.7675268443
3;production;cluster_laststate;xgb;4;100;0.06;0.5;3;0.9;1;mae;1100086.8695876587
3;production;cluster_laststate;xgb;4;100;0.06;0.5;5;0.6;1;mae;1098852.096479024
3;production;cluster_laststate;xgb;4;100;0.06;0.5;5;0.9;1;mae;1087873.3162769335
3;production;cluster_laststate;xgb;4;100;0.06;0.5;7;0.6;1;mae;1070636.1556669609
3;production;cluster_laststate;xgb;4;100;0.06;0.5;7;0.9;1;mae;1089029.6321659174
3;production;cluster_laststate;xgb;4;100;0.06;0.8;3;0.6;1;mae;1097115.371391401
3;production;cluster_laststate;xgb;4;100;0.06;0.8;3;0.9;1;mae;1103835.0559210232
3;production;cluster_laststate;xgb;4;100;0.06;0.8;5;0.6;1;mae;1089890.0504958618
3;production;cluster_laststate;xgb;4;100;0.06;0.8;5;0.9;1;mae;1102475.533039807
3;production;cluster_laststate;xgb;4;100;0.06;0.8;7;0.6;1;mae;1073060.1665730237
3;production;cluster_laststate;xgb;4;100;0.06;0.8;7;0.9;1;mae;1103669.5938146582
3;production;cluster_laststate;xgb;4;500;0.02;0.5;3;0.6;1;mae;1095505.7022599173
3;production;cluster_laststate;xgb;4;500;0.02;0.5;3;0.9;1;mae;1090275.3968144944
3;production;cluster_laststate;xgb;4;500;0.02;0.5;5;0.6;1;mae;1080009.1269152218
3;production;cluster_laststate;xgb;4;500;0.02;0.5;5;0.9;1;mae;1090021.625039018
3;production;cluster_laststate;xgb;4;500;0.02;0.5;7;0.6;1;mae;1073207.4542175015
3;production;cluster_laststate;xgb;4;500;0.02;0.5;7;0.9;1;mae;1084995.066689966
3;production;cluster_laststate;xgb;4;500;0.02;0.8;3;0.6;1;mae;1097695.917671099
3;production;cluster_laststate;xgb;4;500;0.02;0.8;3;0.9;1;mae;1094917.3393387469
3;production;cluster_laststate;xgb;4;500;0.02;0.8;5;0.6;1;mae;1072138.5965626338
3;production;cluster_laststate;xgb;4;500;0.02;0.8;5;0.9;1;mae;1090964.6850641677
3;production;cluster_laststate;xgb;4;500;0.02;0.8;7;0.6;1;mae;1071411.3365558293
3;production;cluster_laststate;xgb;4;500;0.02;0.8;7;0.9;1;mae;1087108.1533091646
3;production;cluster_laststate;xgb;4;500;0.04;0.5;3;0.6;1;mae;1083316.4804413677
3;production;cluster_laststate;xgb;4;500;0.04;0.5;3;0.9;1;mae;1085431.1224760988
3;production;cluster_laststate;xgb;4;500;0.04;0.5;5;0.6;1;mae;1089085.8809987246
3;production;cluster_laststate;xgb;4;500;0.04;0.5;5;0.9;1;mae;1078047.208715709
3;production;cluster_laststate;xgb;4;500;0.04;0.5;7;0.6;1;mae;1075808.2343571633
3;production;cluster_laststate;xgb;4;500;0.04;0.5;7;0.9;1;mae;1078941.7827839612
3;production;cluster_laststate;xgb;4;500;0.04;0.8;3;0.6;1;mae;1099527.6493850779
3;production;cluster_laststate;xgb;4;500;0.04;0.8;3;0.9;1;mae;1083494.194865745
3;production;cluster_laststate;xgb;4;500;0.04;0.8;5;0.6;1;mae;1073807.1655952071
3;production;cluster_laststate;xgb;4;500;0.04;0.8;5;0.9;1;mae;1080899.620186305
3;production;cluster_laststate;xgb;4;500;0.04;0.8;7;0.6;1;mae;1058856.0507522654
3;production;cluster_laststate;xgb;4;500;0.04;0.8;7;0.9;1;mae;1086497.4242294522
3;production;cluster_laststate;xgb;4;500;0.06;0.5;3;0.6;1;mae;1079004.6486724436
3;production;cluster_laststate;xgb;4;500;0.06;0.5;3;0.9;1;mae;1084781.7401329284
3;production;cluster_laststate;xgb;4;500;0.06;0.5;5;0.6;1;mae;1095256.7341262607
3;production;cluster_laststate;xgb;4;500;0.06;0.5;5;0.9;1;mae;1074727.4677556008
3;production;cluster_laststate;xgb;4;500;0.06;0.5;7;0.6;1;mae;1065787.703196347
3;production;cluster_laststate;xgb;4;500;0.06;0.5;7;0.9;1;mae;1089645.4259328623
3;production;cluster_laststate;xgb;4;500;0.06;0.8;3;0.6;1;mae;1084028.5076073774
3;production;cluster_laststate;xgb;4;500;0.06;0.8;3;0.9;1;mae;1080737.7451785014
3;production;cluster_laststate;xgb;4;500;0.06;0.8;5;0.6;1;mae;1085339.2125818261
3;production;cluster_laststate;xgb;4;500;0.06;0.8;5;0.9;1;mae;1094708.996911175
3;production;cluster_laststate;xgb;4;500;0.06;0.8;7;0.6;1;mae;1072339.9897527825
3;production;cluster_laststate;xgb;4;500;0.06;0.8;7;0.9;1;mae;1103015.7070936786
3;production;cluster_laststate;xgb;6;100;0.02;0.5;3;0.6;1;mae;1130628.4645583618
3;production;cluster_laststate;xgb;6;100;0.02;0.5;3;0.9;1;mae;1126351.7632883848
3;production;cluster_laststate;xgb;6;100;0.02;0.5;5;0.6;1;mae;1116467.288875214
3;production;cluster_laststate;xgb;6;100;0.02;0.5;5;0.9;1;mae;1134759.5781116225
3;production;cluster_laststate;xgb;6;100;0.02;0.5;7;0.6;1;mae;1099917.7399105264
3;production;cluster_laststate;xgb;6;100;0.02;0.5;7;0.9;1;mae;1117444.9241135132
3;production;cluster_laststate;xgb;6;100;0.02;0.8;3;0.6;1;mae;1133958.1059860159
3;production;cluster_laststate;xgb;6;100;0.02;0.8;3;0.9;1;mae;1149772.8150774115
3;production;cluster_laststate;xgb;6;100;0.02;0.8;5;0.6;1;mae;1122924.5276380565
3;production;cluster_laststate;xgb;6;100;0.02;0.8;5;0.9;1;mae;1149354.2995951057
3;production;cluster_laststate;xgb;6;100;0.02;0.8;7;0.6;1;mae;1101979.126694492
3;production;cluster_laststate;xgb;6;100;0.02;0.8;7;0.9;1;mae;1141947.52833369
3;production;cluster_laststate;xgb;6;100;0.04;0.5;3;0.6;1;mae;1113396.9274344945
3;production;cluster_laststate;xgb;6;100;0.04;0.5;3;0.9;1;mae;1105732.1735873288
3;production;cluster_laststate;xgb;6;100;0.04;0.5;5;0.6;1;mae;1096011.501582455
3;production;cluster_laststate;xgb;6;100;0.04;0.5;5;0.9;1;mae;1085110.1068845426
3;production;cluster_laststate;xgb;6;100;0.04;0.5;7;0.6;1;mae;1090011.265413746
3;production;cluster_laststate;xgb;6;100;0.04;0.5;7;0.9;1;mae;1080405.513997117
3;production;cluster_laststate;xgb;6;100;0.04;0.8;3;0.6;1;mae;1133578.5521145477
3;production;cluster_laststate;xgb;6;100;0.04;0.8;3;0.9;1;mae;1135633.9780228846
3;production;cluster_laststate;xgb;6;100;0.04;0.8;5;0.6;1;mae;1099902.2395170028
3;production;cluster_laststate;xgb;6;100;0.04;0.8;5;0.9;1;mae;1113993.5848851313
3;production;cluster_laststate;xgb;6;100;0.04;0.8;7;0.6;1;mae;1088484.640482306
3;production;cluster_laststate;xgb;6;100;0.04;0.8;7;0.9;1;mae;1116514.8900525516
3;production;cluster_laststate;xgb;6;100;0.06;0.5;3;0.6;1;mae;1109212.2859945777
3;production;cluster_laststate;xgb;6;100;0.06;0.5;3;0.9;1;mae;1103754.9865410512
3;production;cluster_laststate;xgb;6;100;0.06;0.5;5;0.6;1;mae;1083558.41058266
3;production;cluster_laststate;xgb;6;100;0.06;0.5;5;0.9;1;mae;1094268.296743454
3;production;cluster_laststate;xgb;6;100;0.06;0.5;7;0.6;1;mae;1084700.215679848
3;production;cluster_laststate;xgb;6;100;0.06;0.5;7;0.9;1;mae;1089906.6389572632
3;production;cluster_laststate;xgb;6;100;0.06;0.8;3;0.6;1;mae;1129548.6498081433
3;production;cluster_laststate;xgb;6;100;0.06;0.8;3;0.9;1;mae;1120784.859425166
3;production;cluster_laststate;xgb;6;100;0.06;0.8;5;0.6;1;mae;1100590.0704027985
3;production;cluster_laststate;xgb;6;100;0.06;0.8;5;0.9;1;mae;1108466.0278677049
3;production;cluster_laststate;xgb;6;100;0.06;0.8;7;0.6;1;mae;1087792.446759507
3;production;cluster_laststate;xgb;6;100;0.06;0.8;7;0.9;1;mae;1127616.3643681775
3;production;cluster_laststate;xgb;6;500;0.02;0.5;3;0.6;1;mae;1095814.319149209
3;production;cluster_laststate;xgb;6;500;0.02;0.5;3;0.9;1;mae;1093764.9622574202
3;production;cluster_laststate;xgb;6;500;0.02;0.5;5;0.6;1;mae;1073215.819900025
3;production;cluster_laststate;xgb;6;500;0.02;0.5;5;0.9;1;mae;1079052.79742571
3;production;cluster_laststate;xgb;6;500;0.02;0.5;7;0.6;1;mae;1066467.5896940886
3;production;cluster_laststate;xgb;6;500;0.02;0.5;7;0.9;1;mae;1081410.2141079837
3;production;cluster_laststate;xgb;6;500;0.02;0.8;3;0.6;1;mae;1090546.1792231868
3;production;cluster_laststate;xgb;6;500;0.02;0.8;3;0.9;1;mae;1105425.5048828125
3;production;cluster_laststate;xgb;6;500;0.02;0.8;5;0.6;1;mae;1085700.199361444
3;production;cluster_laststate;xgb;6;500;0.02;0.8;5;0.9;1;mae;1089695.2945094
3;production;cluster_laststate;xgb;6;500;0.02;0.8;7;0.6;1;mae;1068638.7174102922
3;production;cluster_laststate;xgb;6;500;0.02;0.8;7;0.9;1;mae;1103831.6295316513
3;production;cluster_laststate;xgb;6;500;0.04;0.5;3;0.6;1;mae;1093574.0643840076
3;production;cluster_laststate;xgb;6;500;0.04;0.5;3;0.9;1;mae;1073076.000940889
3;production;cluster_laststate;xgb;6;500;0.04;0.5;5;0.6;1;mae;1080218.7517970533
3;production;cluster_laststate;xgb;6;500;0.04;0.5;5;0.9;1;mae;1073785.8111435703
3;production;cluster_laststate;xgb;6;500;0.04;0.5;7;0.6;1;mae;1082950.6514619454
3;production;cluster_laststate;xgb;6;500;0.04;0.5;7;0.9;1;mae;1072826.8563561288
3;production;cluster_laststate;xgb;6;500;0.04;0.8;3;0.6;1;mae;1098828.032667186
3;production;cluster_laststate;xgb;6;500;0.04;0.8;3;0.9;1;mae;1099913.1317043914
3;production;cluster_laststate;xgb;6;500;0.04;0.8;5;0.6;1;mae;1088357.638627283
3;production;cluster_laststate;xgb;6;500;0.04;0.8;5;0.9;1;mae;1100310.9116824076
3;production;cluster_laststate;xgb;6;500;0.04;0.8;7;0.6;1;mae;1075824.1303370923
3;production;cluster_laststate;xgb;6;500;0.04;0.8;7;0.9;1;mae;1111526.9059947114
3;production;cluster_laststate;xgb;6;500;0.06;0.5;3;0.6;1;mae;1092900.836229577
3;production;cluster_laststate;xgb;6;500;0.06;0.5;3;0.9;1;mae;1071377.729153289
3;production;cluster_laststate;xgb;6;500;0.06;0.5;5;0.6;1;mae;1066456.0079273242
3;production;cluster_laststate;xgb;6;500;0.06;0.5;5;0.9;1;mae;1088871.4800546027
3;production;cluster_laststate;xgb;6;500;0.06;0.5;7;0.6;1;mae;1078824.5346791167
3;production;cluster_laststate;xgb;6;500;0.06;0.5;7;0.9;1;mae;1084981.7055864725
3;production;cluster_laststate;xgb;6;500;0.06;0.8;3;0.6;1;mae;1101284.209468197
3;production;cluster_laststate;xgb;6;500;0.06;0.8;3;0.9;1;mae;1090674.4660934377
3;production;cluster_laststate;xgb;6;500;0.06;0.8;5;0.6;1;mae;1095423.4905299356
3;production;cluster_laststate;xgb;6;500;0.06;0.8;5;0.9;1;mae;1097619.8216664214
3;production;cluster_laststate;xgb;6;500;0.06;0.8;7;0.6;1;mae;1083300.5141476148
3;production;cluster_laststate;xgb;6;500;0.06;0.8;7;0.9;1;mae;1127251.6184586824
